緯度情報,経度情報,愛工大からの距離,データ名
35.1879089974,137.1113973856,0.0047880700,あいち海上の森センター
35.1864797489,137.1082270145,0.0057090260,【尾張】２００５年記念と長久手
35.1737337743,137.0890867710,0.0258364109,【尾張】愛地球博記念公園
35.2171460774,137.0987319946,0.0366435243,【尾張】瀬戸市南公園・萩殿の森
35.2264365448,137.1054759482,0.0436845267,瀬戸永泉教会礼拝堂
35.2253892941,137.1007490158,0.0437400438,【尾張】瀬戸蔵
35.2281269042,137.1012573400,0.0462415465,旧山繁商店
35.1930713483,137.1588699623,0.0468349276,猿投山の球状花崗岩
35.2223124595,137.1449928451,0.0503397763,雲興寺鐘楼
35.1851565490,137.0617617708,0.0513097886,あぐりん村
35.1308247482,137.0889151096,0.0578579476,愛知牧場
35.1860609098,137.0549418274,0.0581604169,長久手古戦場附色金山
35.1837331275,137.0527380312,0.0603047228,長久手古戦場附首塚
35.2176268451,137.1627891100,0.0603773703,瀬戸窯跡
35.2011664913,137.1709937178,0.0606104615,猿投山と菊石
35.1601054817,137.1734393778,0.0647383846,池田第一号墳
35.2401776557,137.1448123455,0.0650513503,【尾張】岩谷堂公園
35.1732733560,137.0484888554,0.0653444086,【尾張】長久手市郷土資料室
35.1735061857,137.0480095297,0.0657825076,長久手古戦場
35.1752105959,137.1783648849,0.0658358464,旧龍性院庭園
35.1474041976,137.1694872765,0.0669526457,舞木廃寺塔跡
35.1189016877,137.0878597434,0.0692513336,黒笹七号窯
35.1785403024,137.0430395661,0.0701716619,長久手古戦場附御旗山
35.1169160194,137.0804929733,0.0740349557,【尾張】愛知池
35.2409487675,137.0525658131,0.0834734310,森林公園
35.2053429280,137.1959406137,0.0857505310,【豊田加茂】金剛寺しだれ桜
35.2210640105,137.0276319981,0.0933408281,【尾張】城山公園及び長池・維摩池
35.0928135577,137.0879396895,0.0940118873,三好公園
35.2516471858,137.0483279228,0.0940420764,東谷山フルーツパーク
35.1001420611,137.1575241285,0.0944064864,安長寺山門
35.2005649262,137.2076195424,0.0961204788,豊田市藤岡民俗資料館（旧藤岡中学校特別教室棟）
35.1289325882,137.0334516168,0.0964502011,旧市川家住宅主屋
35.1988787099,137.2084424036,0.0966461019,旧山内家住宅
35.1223055949,137.1895976617,0.0979530594,旧井上家住宅西洋館
35.2804612499,137.0923535992,0.0992296522,源敬公（徳川義直）廟
35.2552091808,137.0443738966,0.0993483827,志段見古墳群
35.2803252658,137.0911115102,0.0993633952,定光寺本堂
35.2803533246,137.0908999443,0.0994376580,【尾張】定光寺
35.2185296115,137.0199660318,0.0994803992,旭サナック本館(旧旭兵器製造本社事務棟)
35.2814352434,137.0835071635,0.1023758648,旧中央線玉野第三隧道
35.0869488759,137.1519170500,0.1040021643,喜楽亭
35.2842419305,137.0867800713,0.1041936572,旧中央線玉野第四隧道
35.0973388935,137.0537358154,0.1045266749,東郷町文化産業まつり
35.1565053323,137.0119271019,0.1046335602,蓮教寺
35.1565316474,137.0115140417,0.1050260449,梵音寺本堂
35.2862737404,137.0894944668,0.1055224057,旧中央線傘石洞暗渠
35.0826210811,137.0765340328,0.1071992258,保田ケ池公園
35.0874662745,137.1608870047,0.1072136869,豊田市青少年相談所（旧愛知県蚕業取締所第九支所）
35.0804070533,137.1517417289,0.1100351626,七州城址公園・豊田市美術館
35.1512242866,137.2185595307,0.1103178687,名鉄三河線旧三河広瀬駅舎
35.0752638403,137.0906430879,0.1104435353,緑と花のセンター「さんさんの郷」
35.2111553221,137.0053929515,0.1111664380,どうだん亭（旧浅井家住宅離れ）
35.1413949732,137.2256635648,0.1202043540,如意寺
35.0840601978,137.0449533557,0.1204444694,祐福寺勅使門
35.0992480717,137.0263552666,0.1208228989,【尾張】涼松せせらぎの道
35.1141216758,137.0109380587,0.1233951828,名古屋市農業センター delaふぁーむ
35.0857025350,137.0371809368,0.1237015133,祐福寺一里塚
35.2438652522,137.0029547845,0.1255935688,密蔵院多宝塔
35.0874102478,137.1973139048,0.1277424973,自然観察の森
35.1397671497,137.2359571946,0.1304341216,名鉄三河線旧西中金駅
35.3025526517,137.0583057404,0.1311125258,都市緑化植物園 (グリーンピア春日井)
35.0638706061,137.0569614682,0.1320424458,小堤西池のカキツバタ群落
35.3035858449,137.0551621914,0.1333857773,少年自然の家
35.1939106898,137.2464573383,0.1338278651,【豊田加茂】ふじの回廊
35.1542680380,136.9821702276,0.1340775030,名古屋市東山植物園温室前館
35.2232771756,136.9845517830,0.1345322506,龍泉寺仁王門
35.2045305145,136.9750056640,0.1396423491,無縫塔
35.0425144984,137.1163058281,0.1409355013,【豊田加茂】竹村駅近くのビオトープ
35.0732506129,137.0189983984,0.1448439003,豊明のナガバノイシモチソウ
35.0454581981,137.1656034028,0.1476279724,豊田大塚古墳
35.1533460546,136.9680999012,0.1480275518,名古屋大学豊田講堂
35.0442317483,137.0598828793,0.1489868438,【豊田加茂】阿地和池
35.2198618515,136.9680711368,0.1494827725,小野道風誕生伝説地
35.2716776044,136.9922807147,0.1495795624,落合公園の桜
35.3258791743,137.0613053194,0.1515701571,内々神社社殿
35.1669901609,136.9614264938,0.1525021795,愛知学院大学楠元学舎第1号館
35.0315208928,137.0993965125,0.1525030026,浄照寺
35.3270781919,137.0614467554,0.1526498483,内々神社庭園
35.1737263594,136.9575560610,0.1557872320,日泰寺奉安塔
35.0408982302,137.0484995842,0.1564478894,【西三河】刈谷ハイウェイオアシス
35.1399034078,136.9624821735,0.1567202802,興正寺五重塔
35.1715945332,136.9550145397,0.1584686210,草結庵
35.3033319900,137.0092128480,0.1586229116,大草のマメナシ自生地
35.0413373175,137.1835903466,0.1586264655,琴平町シデコブシ自生地
35.1680199770,136.9522683545,0.1615086792,松楓閣
35.1677044128,136.9481322859,0.1656560152,爲三郎記念館
35.0752546096,137.2398269176,0.1666508478,【豊田加茂】巴川おう穴
35.1425703404,136.9512815626,0.1668366394,南山学園ライネルス館
35.0711189092,137.2370910645,0.1673259644,【豊田加茂】天下峯
35.3116845715,137.0055735111,0.1673417339,市民四季の森
35.1421400217,136.9507335473,0.1674735623,川原田家住宅
35.1969400542,136.9452453290,0.1683409994,長母寺
35.1401969734,136.9498502019,0.1688167235,旧渡辺家書院及び茶室
35.2538900822,136.9596004486,0.1688532229,【尾張】春日井・小牧でゆったり
35.2560190242,136.9598203897,0.1695540684,朝宮公園
35.1429163808,136.9468638948,0.1710410500,鈴木家住宅主屋
35.0535201274,137.2274211716,0.1730738810,松平氏遺跡
35.0558650559,137.2310721874,0.1737798110,滝川ふれあい工房
35.1345287370,136.9459038393,0.1741399561,暮雨巷
35.0477825903,137.0036100625,0.1742719659,阿野一里塚
35.1838416301,136.9387254739,0.1743169550,愛知県立旭丘高等学校正門門柱（旧愛知県立第一中学校正門）
35.3223565377,137.0057553749,0.1755446594,大山廃寺跡
35.1349488741,136.9435464150,0.1762878708,東山荘
35.0410161649,137.0062979604,0.1779631969,愛知豊明花き地方卸売市場
35.0053070622,137.1207385927,0.1782713639,明治緑道水車公園の三連水車
35.2920633796,136.9715781360,0.1783734155,高根遺跡
35.1835445123,136.9336385128,0.1794034360,徳川美術館本館
35.3191602869,136.9954013293,0.1796297497,兒（ちご）の森
35.0091077957,137.0690978779,0.1797584559,八橋伝説地
35.1837461172,136.9331886038,0.1798536062,徳川美術館
35.1842077101,136.9323239399,0.1807197110,徳川園・蓬左文庫旧書庫・蘇山荘
35.0599738151,136.9809135056,0.1808174424,桶狭間古戦場伝説地
35.1861447067,136.9321263869,0.1809361475,日本福音ルーテル復活教会
35.1231454534,136.9421163526,0.1812391334,大曲輪貝塚
35.0154026416,137.1811723709,0.1812980220,おかざき自然体験の森
35.2259720209,136.9366262245,0.1814768000,二子山古墳
35.2273424906,136.9367761585,0.1816575957,白山神社古墳・御旅所古墳（白山神社古墳）
35.2270422973,136.9353488488,0.1829710519,白山神社古墳・御旅所古墳（御旅所古墳）
35.2970889888,136.9688942220,0.1835782268,ＪＡ尾張中央桃選果場
35.1800388090,136.9294653333,0.1836075587,東海学園大講堂
35.0664941116,136.9711734245,0.1838382543,服部幸平家住宅　倉
35.0666740497,136.9709537095,0.1838935823,住宅（服部家）
35.0672141453,136.9704699881,0.1839259035,中濱家住宅
35.0663583800,136.9708557847,0.1841697265,棚橋家住宅主屋
35.0051267789,137.1624166767,0.1849961079,八柱神社のクスノキ
35.1794591061,136.9280506735,0.1850334587,建中寺徳興殿（旧名古屋商業会議所本館）
35.0128684859,137.0407925050,0.1852164504,知立神社
35.0124357938,137.0413506289,0.1853984083,知立神社多宝塔
35.1793858432,136.9274689794,0.1856165952,建中寺徳川家霊廟
35.0066047210,137.1724077668,0.1865078839,岩津第一号古墳
35.0017887400,137.0702240435,0.1866023849,来迎寺一里塚
35.0015181939,137.0700928935,0.1868958175,来迎寺一里塚
35.1936039757,136.9256319582,0.1876868631,石原家住宅
35.0203078390,137.0192470600,0.1881502181,刈谷西部の縄文遺跡（芋川遺跡）
35.2377153068,137.2936642170,0.1886087188,和紙のふるさと
35.0033263485,137.0551360273,0.1891666038,旧東海道「池鯉鮒」の松並木
35.1816499069,136.9236633686,0.1893867309,名古屋陶磁器会館
35.1728495124,136.9239116823,0.1894249445,名古屋カテドラル聖ペトロ聖パウロ大聖堂
35.1320615312,136.9302031440,0.1899128797,愛知県立瑞陵高等学校正門門柱（旧愛知商業学校正門）
35.0786257957,136.9539280380,0.1905187960,瑞泉寺総門
35.0030167045,137.1750588245,0.1907580502,信光明寺観音堂
35.3341378799,136.9954454899,0.1911730793,入鹿池
35.1745015000,136.9219320530,0.1913174696,日本陶磁器センター
35.1538859574,136.9239544928,0.1913788039,八幡山古墳
35.1686095069,136.9217251466,0.1918885610,神谷家住宅
35.1491806231,136.9240672431,0.1920500503,旧藤山家住宅日本家
34.9998641600,137.1737424846,0.1933247112,愛知県立岩津高等学校正門旧門柱（旧岩津町立愛知県岩津農商学校正門）
35.1802156660,136.9187488168,0.1943193763,旧川上貞奴邸
35.1830188238,136.9185865861,0.1944557118,金城学院高等学校榮光館
34.9904474964,137.1399056917,0.1948256661,北野廃寺跡
35.1575194012,136.9197945993,0.1949742451,名古屋大学医学部附属病院門及び外塀
35.3312297353,136.9852606607,0.1953920900,ヒトツバタゴ自生地
35.1551028879,136.9194835915,0.1956175757,鶴舞公園
35.1566975228,136.9191246717,0.1957487303,名古屋市公会堂
35.2619683733,137.2924606244,0.1958625820,小原村前洞の四季桜
35.0345426483,137.2403311729,0.1958690951,二畳ケ滝
34.9870535032,137.1035405412,0.1965884371,永安寺の雲竜の松
34.9867699329,137.0997405052,0.1970916241,【西三河】明治川神社
34.9865918239,137.0999371518,0.1972561656,明治用水（明治川神社から中井筋）
34.9864710735,137.1003842354,0.1973474697,【西三河】明治用水沿線の桜並木、梨畑
35.1052586782,136.9315908671,0.1975663187,富部神社本殿
35.3410800075,136.9933748627,0.1979377108,旧西園寺家興津別邸（坐魚荘）
35.3416670311,136.9941437020,0.1979428530,旧品川燈台
35.3393818787,136.9909802669,0.1980544949,明治村東京盲学校車寄
35.3409170889,136.9929131591,0.1980876180,明治村幸田露伴住宅蝸牛庵
35.3412511824,136.9933084896,0.1981141942,明治村茶室亦楽庵
35.3418199423,136.9939123487,0.1982040938,旧菅島燈台付属官舎
35.0505242391,137.2604698546,0.1984797520,松平氏遺跡
35.0507051485,137.2607964277,0.1986015155,松平郷・散策道
35.1807513256,136.9143275083,0.1987322061,カトリック主税町教会
35.0954064455,136.9347099663,0.1988650080,七所神社本殿
35.3414458961,136.9922509789,0.1989097678,明治村芝川家住宅主屋
35.3418222191,136.9925487041,0.1990285015,明治村長崎居留地二十五番館
35.3403638489,136.9905821000,0.1990734103,明治村森鴎外・夏目漱石住宅
35.3391265390,136.9889676401,0.1991014247,旧日本聖公会京都聖約翰教会堂
35.3421525943,136.9928061962,0.1991359768,明治村神戸山手西洋人住居
35.3401740056,136.9902084737,0.1991539965,旧西郷従道住宅（旧所在　東京都目黒区上目黒）
35.3399750986,136.9898018656,0.1992487072,明治村学習院長官舎
35.3424020158,136.9928973913,0.1992798647,明治村宗教大学車寄
35.3415749838,136.9916287065,0.1993906461,明治村北里研究所本館
35.3403439711,136.9893170114,0.1998385069,明治村鉄道局新橋工場
35.3405785980,136.9894925175,0.1999142981,明治村二重橋飾電燈
35.3397475620,136.9883172177,0.1999924794,明治村赤坂離宮正門哨舎
35.3417128231,136.9906845689,0.2000759949,明治村京都七條巡査派出所
35.3398530675,136.9881150126,0.2002010794,明治村近衛局本部付属舎（皇宮警察坂下護衛署別館）
35.3416231182,136.9903412461,0.2002152469,旧札幌電話交換局舎
35.3413627547,136.9898450375,0.2003143646,明治村千早赤阪小学校講堂
35.3402524375,136.9883711139,0.2003538495,明治村大井牛肉店
35.3416471854,136.9901078939,0.2003773451,明治村安田銀行会津支店
35.3405503758,136.9886894935,0.2003894391,明治村第八高等学校正門
35.3432055347,136.9921051477,0.2003986225,明治村シアトル日系福音教会
35.3409426707,136.9891235232,0.2004285740,旧三重県県庁舎
35.3400806320,136.9880084547,0.2004454041,明治村三重県尋常師範学校・蔵持小学校
35.3416610086,136.9899742128,0.2004702997,明治村京都中井酒造
35.3417058221,136.9897980940,0.2006138244,旧東松家住宅
35.3413622671,136.9891057618,0.2007694948,明治村第四高等学校物理化学教室
35.3432497144,136.9914889664,0.2008062416,旧名古屋衛戌病院
35.3429786664,136.9910604929,0.2008504939,明治村日本赤十字社中央病院
35.1297269704,137.3067010254,0.2009625854,足助のヒメハルゼミ
35.3435382320,136.9915323499,0.2010097433,明治村ブラジル移民住宅
35.3427704276,136.9904338594,0.2010665968,明治村第四高等学校武術道場無声堂
35.0505574467,137.2640874050,0.2011594643,松平氏遺跡
35.3432578662,136.9908948656,0.2011728983,明治村歩兵第六連隊兵舎
35.3417718970,136.9889625907,0.2011801894,明治村清水医院
35.3438177194,136.9915647516,0.2012128928,明治村ハワイ移民集会所
35.3416493733,136.9885522127,0.2013372426,旧山梨県東山梨郡役所
35.3439074466,136.9912785157,0.2014573055,明治村六郷川鉄橋
35.2754970818,137.2922436685,0.2014767959,大福魚苑
35.3437259469,136.9904427860,0.2018193256,明治村鉄道寮新橋工場
35.3444114413,136.9907273415,0.2021920051,旧伊勢郵便局舎(宇治山田郵便局舎)
35.3443477970,136.9903534221,0.2023678062,明治村工部省品川硝子製造所
35.0098486809,137.2171333649,0.2023841106,【西三河】駒立ぶどう狩り園
35.1815228547,136.9101367751,0.2029139210,旧名古屋控訴院地方裁判所区裁判所庁舎
35.3447885111,136.9896813580,0.2031259144,明治村本郷喜之床
35.3448695420,136.9896151707,0.2032304869,明治村小泉八雲避暑の家
35.3451309532,136.9896146003,0.2034385741,明治村半田東湯
35.3450676283,136.9894607135,0.2034816629,旧呉服座
35.3462687301,136.9909763595,0.2035245577,明治村大明寺聖パウロ教会堂
35.0460867585,137.2633586339,0.2036010741,松平氏遺跡
35.3454465783,136.9897019264,0.2036366589,明治村聖ザビエル天主堂
35.3465294527,136.9905027097,0.2040173799,明治村川崎銀行本店
35.3454816184,136.9890087339,0.2040850868,明治村菊の世酒蔵
35.3460232601,136.9895466419,0.2041897050,明治村小那沙美島燈台
35.3461492167,136.9893813380,0.2043899978,明治村天童眼鏡橋
35.3465556280,136.9899085455,0.2043956973,明治村隅田川新大橋
35.3468084107,136.9901720434,0.2044390456,明治村皇居正門石橋飾電燈
35.3461486028,136.9889632659,0.2046427234,明治村前橋監獄雑居房
35.3462569669,136.9890950520,0.2046490636,明治村東京駅警備巡査派出所
35.3470696451,136.9900504525,0.2047209210,明治村内閣文庫
35.1344263582,137.3119653213,0.2048661520,足助八幡宮本殿
35.3463827934,136.9888417315,0.2049026505,明治村金沢監獄
35.1723153214,136.9083542561,0.2049882248,名古屋テレビ塔
35.3465176659,136.9886103943,0.2051501709,明治村宮津裁判所法廷
35.3470323315,136.9891923737,0.2052078278,明治村名鉄岩倉変電所
35.3463819179,136.9882476273,0.2052626109,明治村高田小熊写真館
35.0118632799,137.0000546190,0.2054145994,刈谷西部の縄文遺跡（八ツ崎貝塚）
35.3471758789,136.9887299727,0.2056015511,明治村帝国ホテル中央玄関
34.9838876795,137.1642350405,0.2059873101,大樹寺多宝塔
35.1683021593,136.9075436050,0.2060530577,オリエンタルビル屋上観覧車
34.9839508007,137.1654179928,0.2062234344,大樹寺伽藍
35.1814701019,136.9065356073,0.2065154247,名古屋市庁舎
35.1802441706,136.9065504928,0.2065157080,愛知県庁舎
35.1358120877,137.3140417875,0.2065592541,中馬街道
35.1311230797,137.3129868507,0.2066691448,花もみじ
35.1304562194,137.3130834103,0.2069322152,【豊田加茂】香嵐渓グリーンファーム
35.3303845680,136.9670311870,0.2071714394,大縣神社
35.3299715773,136.9665527344,0.2072166179,【尾張】春日井・小牧の伝統文化
35.1296489602,137.3139417171,0.2079692826,三州足助屋敷
35.0107323940,136.9971314381,0.2079748797,刈谷西部の縄文遺跡（天子神社貝塚）
34.9946768913,137.0250442501,0.2082416940,万福寺のイブキ
34.9945748761,137.0246205652,0.2085134704,萬福寺
35.1357734011,137.3171710968,0.2096143701,旧鈴木家住宅（愛知県豊田市足助町）
35.1343120817,137.3169689732,0.2097547921,飯盛城址
34.9868878793,137.1872157522,0.2100561092,【西三河】おかざき農遊館
35.1851487356,136.9027137668,0.2103353018,名古屋城二之丸庭園
35.1372849661,137.3184997903,0.2105722355,中馬館
35.1373297910,137.3186974014,0.2107552459,旧稲橋銀行足助支店
35.1828908692,136.9007666513,0.2122758889,名古屋城二之丸大手二之門
35.1753821383,136.9009008914,0.2122929330,料亭河文
35.1855047215,136.9006153945,0.2124368115,名古屋城旧二之丸東二之門
35.1511125389,136.9028701390,0.2126392185,真宗大谷派名古屋別院東門及び土塀
35.1980357742,137.3253357410,0.2127969076,お須原山縁結び岩
35.1252233923,136.9082287243,0.2129187034,又兵衛（旧坂上家住宅）
35.1259259816,136.9079741440,0.2129728853,龍影閣（旧名古屋博物館品評所）
35.0646479180,136.9362574170,0.2129734916,大高城跡　附　丸根砦跡　鷲津砦跡
35.1775330707,136.8993019151,0.2138208252,東照宮社殿
35.1856004444,136.8990558901,0.2139971982,名古屋城
35.3089263841,136.9390858575,0.2145099418,岩崎の清流亭の藤
35.1847967331,136.8984106978,0.2146356678,特別史跡　名古屋城跡
35.1526273544,136.9006063742,0.2146545116,崇覚寺本堂
35.0649855498,136.9336799137,0.2149316021,萬乗醸造
35.1840559726,136.8976994307,0.2153434316,名古屋城のカヤ
35.1862098681,136.8974507670,0.2156092846,乃木倉庫
34.9881995242,137.2056185390,0.2160518986,滝山寺本堂
35.0618407066,136.9343357035,0.2161377632,春江院
34.9882444956,137.2059362219,0.2161476067,滝山東照宮
35.1314866540,136.9031942936,0.2161765025,断夫山古墳
34.9730063066,137.1649417136,0.2167123223,淇?庵並水屋
34.9841460852,137.1995294094,0.2172258589,滝山寺三門
35.1391050556,137.3261740012,0.2176888045,今朝平遺跡
34.9717808506,137.1645639481,0.2178126477,伊賀八幡宮
34.9672897705,137.0830553239,0.2181928030,明治用水（明治用水歴史資料室・豊田安城自転車道）
34.9677012876,137.0791374755,0.2183591256,愛知県立安城農林高等学校正門門柱（旧愛知県安城農林学校正門）
34.9984774200,136.9943083657,0.2197692540,刈谷西部の縄文遺跡（山の神遺跡）
35.1750934855,136.8927226141,0.2204762770,伊藤家住宅
35.1681782905,136.8922298473,0.2213369255,旧加藤商会ビル
35.0214594414,136.9617798713,0.2216052737,収穫体験〔ぶどう狩り〕
35.3126371191,136.9327189780,0.2218455227,熊野神社の五枚岩
35.2917793726,136.9186852478,0.2225262959,愛知県立小牧高等学校正門門柱（旧愛知県小牧中学校正門）
35.1388892076,137.3325165392,0.2239451141,百年草
34.9908324499,136.9979319433,0.2243596717,愛知製鋼刈谷工場旧試作工場（旧豊田自動織機製作所自動車部試作工場）
35.0126479041,136.9658526778,0.2254442545,大倉公園茅吹門（旧大倉和親別荘表門）
35.0130477203,136.9652250409,0.2255523881,大倉公園休憩棟（旧大倉和親別荘離れ）
34.9646407134,137.1700074113,0.2260664346,旧愛知県岡崎師範学校武道場
35.3701018799,136.9846407684,0.2265830691,犬山里山学センター
35.2925762574,136.9127884175,0.2280750944,小牧山
35.2927892006,136.9126939774,0.2282599798,小牧山
35.2414111088,136.8921701483,0.2283598129,高田寺本堂
34.9617287913,137.1687667901,0.2285799577,旧石原家住宅
34.9582037481,137.1523004602,0.2286046398,八丁蔵通り
35.2416985680,136.8917296683,0.2288589185,白山社本殿
34.9576718384,137.1519939591,0.2290763492,八丁味噌本社事務所
35.3647907317,136.9719205325,0.2298116884,神明社楼門
34.9575462763,137.1590127809,0.2304967188,岡崎公園
35.2518506488,136.8925855168,0.2308350887,旧加藤家住宅
34.9830472881,136.9982717705,0.2309075152,愛知県立刈谷高等学校正門門柱（旧愛知県刈谷中学校正門）
34.9725289453,137.0171070099,0.2316791969,【西三河】フローラルガーデンよさみ
34.9578980879,137.1679368448,0.2320992669,岡崎信用金庫資料館（旧岡崎銀行本店）
35.3505922647,136.9520350637,0.2321042338,旧加茂郡銀行羽黒支店
34.9715311042,137.0172035694,0.2325480259,【西三河】依佐美送信所記念館
34.9878375830,136.9864110870,0.2329909732,刈谷市郷土資料館（旧亀城小学校本館）
35.3459745815,136.9457130044,0.2332927071,吉野家住宅
35.3265382126,136.9286862044,0.2333925405,青塚古墳
34.9574588184,137.1727754869,0.2337157077,日本福音ルーテル岡崎協会教会堂
34.9886158056,136.9837510586,0.2337985393,刈谷市亀城公園
34.9564543131,137.1703013778,0.2340694987,善立寺
34.9485422749,137.1240767394,0.2351290059,妙源寺柳堂
35.3531412148,136.9489194860,0.2361018959,興禅寺
35.2500087809,136.8856143951,0.2369775824,【尾張】北名古屋市歴史民俗資料館（昭和日常博物館）
35.2794335874,136.8962191988,0.2371332760,宇都宮神社古墳
35.1605165588,136.8769040520,0.2372452184,筧家住宅主屋
34.9535525891,137.1761596525,0.2383679748,旧額田郡公会堂及物産陳列所
34.9788731398,136.9899684175,0.2387117702,刈谷西部の縄文遺跡（本刈谷貝塚）
35.1553248089,136.8743931079,0.2402959581,善行寺
34.9919426661,136.9677382708,0.2403616589,【知多】極楽寺
34.9494331788,137.1684950973,0.2404604737,六所神社
34.9458353203,137.1513829685,0.2406508078,真宮遺跡
35.0934735249,136.8875996767,0.2427203356,名古屋港跳上橋（旧1・2号地間運河可動橋）
34.9444547756,137.0702036393,0.2427668990,都市に広がる集団農地
34.9527839462,137.1903833022,0.2432510718,旧本田家住宅主屋
34.9463627168,137.1698470121,0.2437606987,愛知県立岡崎高等学校正門門柱（旧愛知県立第二中学校正門）
34.9865326034,136.9687306881,0.2441051032,【知多】傳宗院
34.9854496043,136.9696027626,0.2444667164,入海貝塚
34.9988508534,136.9476270676,0.2478405888,【知多】あいち健康の森
35.2030127776,137.3604107957,0.2481442186,杉本の貞観スギ
35.2034000796,137.3606094031,0.2483730741,貞観杉
35.3276345027,136.9096899033,0.2493032434,【尾張】北愛知の文化
35.3284135351,136.9100546837,0.2494578064,【尾張】大口歴史民俗資料館
35.0439111392,136.9057416916,0.2498678098,【知多】聚楽園公園
35.0004767415,136.9410932064,0.2510612181,【知多】常福寺
35.1931391311,136.8620753288,0.2511549980,【尾張】西枇杷島問屋記念館
34.9903235773,136.9518892508,0.2515022714,東浦ぶどう　ぶどう狩り
35.2780558701,136.8773713170,0.2539646589,五条川の桜と尾北自然歩道
35.1929697619,136.8592028668,0.2540189005,柴田家住宅主屋
34.9290754226,137.0963934746,0.2548810828,二子古墳
34.9931072551,136.9432175159,0.2550613524,ＪＡあぐりタウン　げんきの郷（大府市）
34.9414160131,137.1936963415,0.2550829148,大平一里塚
34.9776893917,136.9615316391,0.2554940958,【知多】於大公園
35.3533421297,136.9220058642,0.2556774296,覚王寺
35.3563845232,136.9242963787,0.2560162034,長泉塚古墳
35.0093360902,137.3016802625,0.2566844830,下山小学校のヤマザクラ
34.9308466489,137.0608270168,0.2579064785,安城市デンパーク
35.1366909636,136.8585696359,0.2587257373,観音寺多宝塔
34.9727135665,136.9626367092,0.2588737831,東浦町郷土資料館「うのはな館」
35.0117951572,137.3068718794,0.2588869836,合資会社柴田酒造場
35.1747870492,136.8542331078,0.2589524747,中村公園記念館
35.1746598879,136.8540587642,0.2591309854,中村公園豊頌軒
35.3951637794,136.9636241228,0.2591609607,寂光院
35.3776194366,136.9399565152,0.2601441931,徳授寺
35.3869389390,136.9509421256,0.2601912188,尾関家住宅
35.2211729300,136.8545707138,0.2612149054,朝日貝塚（検見塚）
35.3788598418,136.9396056670,0.2613042434,堀部家住宅
34.9341712194,137.0343982399,0.2613539586,榎前のクロガネモチ
35.3855893385,136.9473353322,0.2614082286,妙感寺古墳
34.9221193255,137.1227332082,0.2614725372,本光寺
35.3831677850,136.9441828931,0.2615638698,奥村家住宅
35.0221287318,136.9068038464,0.2618138497,東海市立農業センター
35.3830855419,136.9435777375,0.2618922409,梅田家住宅
35.3816490361,136.9418206137,0.2619438338,浄誓寺本堂
35.3788964686,136.9381519032,0.2622987043,祥雲寺
35.3822067376,136.9418859017,0.2623235481,圓明寺
35.3834139990,136.9431987273,0.2623879245,旧小守家住宅主屋
35.3901208154,136.9508786137,0.2627268222,東之宮古墳
35.3808073958,136.9395531003,0.2627988336,ま野家住宅
35.3819442627,136.9406200557,0.2629529850,川村家住宅
35.3834977648,136.9422667707,0.2630558458,佐橋家住宅主屋
35.3815096461,136.9395866363,0.2633046271,旧磯部家住宅
35.3817436608,136.9393988658,0.2636043847,高木家住宅
35.3833964577,136.9411113187,0.2637305976,三井家住宅
35.2177859317,136.8515074253,0.2637836896,【尾張】朝日遺跡
35.3821043695,136.9394749018,0.2638258537,遠藤家住宅主屋
35.3829262840,136.9403421435,0.2638770085,小島家住宅
35.2186587653,136.8514167553,0.2639887057,貝殻山貝塚
35.3823743368,136.9392319945,0.2641889761,瀧野家住宅蔵
35.3842255488,136.9409989400,0.2644329426,宮田家住宅
35.3833305553,136.9396145546,0.2646590125,伊藤家住宅
35.3829943535,136.9389589053,0.2648356567,大島家住宅茶室
35.3839349957,136.9398770301,0.2649442653,車山蔵
35.3840425859,136.9395685312,0.2652273768,山田家住宅主屋
35.3837715005,136.9392170661,0.2652525630,井上家住宅
35.3828848958,136.9375134842,0.2657058169,専念寺
34.9357501379,137.2095564928,0.2658036185,神明宮第一号古墳
35.3835175952,136.9376609436,0.2660839136,常満寺
35.2744780531,136.8630062410,0.2661030258,大地遺跡
35.2466354899,136.8545007706,0.2661591629,【尾張】西春日井の伝統文化
35.3879509917,136.9423975361,0.2663749542,国宝　如庵
35.3880316892,136.9421661529,0.2665851764,旧正伝院書院
35.3918705773,136.9464486847,0.2668486358,木曽川
35.3815432828,136.9338466254,0.2671457887,西蓮寺
34.9247572134,137.0459078995,0.2672253284,神谷家住宅
35.0231259561,136.8990790844,0.2673420402,【知多】弥勒寺
34.9203541719,137.1627224137,0.2677081986,旧愛知県第二尋常中学校講堂
34.9160812866,137.1295773983,0.2678418189,【西三河】ふれあいドーム岡崎
35.3876684977,136.9393340130,0.2681325514,犬山城跡
34.9155075460,137.0954857290,0.2684792781,姫小川古墳
35.3883598170,136.9392812393,0.2686936786,国宝　犬山城天守
34.9436481827,136.9915777445,0.2687756036,【西三河】吉浜細工人形
35.1868244881,136.8428872153,0.2701762339,實成寺
35.1795919175,136.8417630618,0.2713057364,下萱津のフジ
35.0195587365,136.8965792656,0.2714848607,【知多】観福寺
35.1887007198,137.3852150737,0.2722245487,伊熊神社の社叢
34.9138959565,137.1532055889,0.2724924355,太夫塚古墳
35.1975886444,137.3855352402,0.2728618552,【豊田加茂】押井磨崖物
35.1937616392,136.8399149179,0.2733229943,【海部】香の物祭
35.2162958522,136.8412935734,0.2737306844,清須の自然と歴史
35.0132658224,136.8975256439,0.2745852262,観福寺本堂内宮殿
35.0132027930,136.8975587218,0.2745983291,観福寺本堂
35.3635400267,136.9056646840,0.2746840797,川田家住宅主屋
35.2431087175,137.3836040497,0.2770695780,時瀬大いちょう
35.2432135907,137.3836361172,0.2771235044,時瀬のイチョウ
35.2373122105,136.8411433697,0.2771895054,五条川の桜
34.9092718314,137.1589734902,0.2779616029,八幡宮本殿（上地）
35.3419839149,136.8846135290,0.2780728492,宮後八幡社本殿
34.9076398583,137.1553733508,0.2790023946,八幡宮本殿（土呂）
34.9373013359,137.2445331941,0.2790349760,岡崎ゲンジボタル発生地
35.1161963864,137.3852401972,0.2803745327,鼎工房
35.1067746737,136.8418030019,0.2818578547,愛知県立惟信高等学校正門門柱（旧愛知県惟信学校正門）
35.0153499202,136.8847990036,0.2834426744,東海フラワーショウ
35.0768087358,137.3760187626,0.2837624514,三河高原
34.9004642847,137.0852021187,0.2843142209,本證寺本堂
34.9002480156,137.0853336381,0.2845166130,本證寺境内
34.9001487054,137.0851148932,0.2846368302,本證寺のイブキ
34.9157696166,137.2120967619,0.2853846845,藤川の松並木
35.2333610708,136.8312543331,0.2861802274,長光寺地蔵堂
35.2052264592,137.3985156783,0.2863060251,八幡のサクライソウ及びツクバネ自生地
35.0726731142,136.8489539623,0.2863661711,藤前干潟
35.1972379013,137.3994483940,0.2867400038,つくば工房
35.3751417375,136.8998193741,0.2867473820,木曽川扶桑緑地公園
34.9859173015,137.3210442066,0.2868260701,日近の里・かおれ渓谷
35.3380847541,136.8705948263,0.2875833489,報光寺本堂
35.0293341208,137.3575123187,0.2889737706,【豊田加茂】羽左の窪
34.9214432192,136.9895982742,0.2895964013,【西三河】鬼のみち
35.1934679212,136.8234246969,0.2897917215,甚目寺歴史民俗資料館
35.1940985621,136.8230589849,0.2901797536,甚目寺南大門
35.1948795116,136.8229901791,0.2902783148,【海部】甚目寺観音
35.1944492464,136.8227500293,0.2905016120,甚目寺
35.3415771718,136.8678689003,0.2917635311,愛知北地域の新鮮野菜市
35.1743850340,136.8203569009,0.2928241766,明眼院旧多宝塔
34.9346552150,136.9555020332,0.2944466797,【知多】福住寺
35.2179217906,137.4069553614,0.2959324832,旭高原元気村
34.9046744682,137.0130729675,0.2961224587,【西三河】油ヶ淵
35.1970100023,136.8160915375,0.2972615314,【海部】水辺乃並木道
35.1005691312,137.3990428448,0.2977574759,田之土里湿原
34.9396867334,136.9414352508,0.2980787565,板山長根古窯
35.3354157364,136.8559598923,0.2986573853,滝学園
35.3706276081,136.8797135353,0.2991516919,すいとぴあ江南
34.9482347590,137.2985416328,0.2995305988,寺野の大クス
34.9182586518,136.9715309143,0.3005524301,【知多】海潮院
35.3669020494,136.8744795673,0.3009659639,木曽川堤（サクラ）
34.9058183009,136.9960516691,0.3012392520,伝統食品工場見学 ［ヤマシン㈱白しょうゆ醸造工場］
34.9180280139,136.9657448708,0.3035213025,【知多】東光寺
34.9166677981,137.2582363899,0.3037005364,北山湿地
35.3496895952,136.8579983711,0.3044591496,曼陀羅寺公園のフジ
35.3488665617,136.8571169381,0.3047502780,曼陀羅寺伽藍（地蔵堂）
34.9279945187,136.9463490388,0.3049995113,大高山古窯
35.0142914050,137.3669663897,0.3050893144,切山の大スギ
35.2560897022,136.8165883816,0.3052322196,万徳寺鎮守堂
35.2559536943,136.8163142244,0.3054661714,萬徳寺多宝塔
35.0423036827,137.3839795589,0.3054813066,手作り工房山遊里
34.9396685313,136.9288301468,0.3055240515,【知多】ふれあいの森
35.3491711505,136.8563786215,0.3055357069,曼陀羅寺正堂
35.3494053189,136.8563007096,0.3057282361,曼陀羅寺書院
34.9990708398,136.8680367837,0.3066092694,知多市歴史民俗博物館（知多市）
34.9991101188,136.8679225445,0.3066769564,【知多】知多市歴史民俗博物館
34.8821658371,137.0551070067,0.3067667241,愛知県立西尾高等学校通用門門柱（旧愛知県西尾中学校正門）
34.8843091932,137.0421580839,0.3073875795,八王子貝塚
34.9957571826,136.8687486649,0.3080480325,【知多】栖光院
34.9025034984,136.9864336078,0.3081223106,伝統食品工場見学 ［七福醸造㈱ありがとうの里］
35.1153802097,136.8125081062,0.3081378148,農業文化園と戸田川緑地公園
35.1888208974,136.8049335480,0.3081558219,【海部】ハナショウブの風景
34.8768571841,137.0765616874,0.3087179679,西尾のヒメタイコウチ（生息地）
34.8825689732,137.0414507389,0.3092441454,【西三河】稲荷山茶園公園
35.2136749988,137.4216377735,0.3100762005,【豊田加茂】黒谷渓谷
34.8751378522,137.0753228310,0.3105733435,【西三河】八ツ面山（やつおもてやま）
34.8729522834,137.1231641053,0.3106248845,長圓寺肖影堂
34.8748468755,137.0765857585,0.3107114574,久麻久神社本殿
34.9670164909,136.8900078535,0.3107592136,佐布里緑と花のふれあい公園（知多市）
35.2918334444,136.8204695450,0.3120156232,馬見塚遺跡
34.8775392025,137.1770479151,0.3124980970,幸田憩いの農園
34.8805402849,137.0351046324,0.3127388921,【西三河】紅樹院（茶祖の寺）
34.9724849878,136.8820416927,0.3128120596,【知多】浄蓮寺
34.8786473489,137.0419023978,0.3129575742,神明社の大シイ
35.0669347018,137.4035167694,0.3129579163,【豊田加茂】保殿の七滝
34.9719091424,136.8822079897,0.3130780055,【知多】誕生堂
34.9718695803,136.8820953369,0.3131877950,【知多】正法院
34.9714205000,136.8824206330,0.3132517353,【知多】密厳寺
34.9621015657,136.8909895420,0.3135054171,佐布里池（知多市）
34.8788604490,137.0385563283,0.3135280999,西尾の抹茶工場見学
35.1780106422,136.7994336363,0.3136547782,七宝町のラカンマキ
35.1836650204,136.7990648746,0.3139771271,七宝焼アートヴレッジ
34.9709596479,136.8818432093,0.3139887283,【知多】如意寺
34.9920525337,136.8640065193,0.3140655070,【知多】牟山神社
34.8743703005,137.0538586378,0.3146578367,西尾市岩瀬文庫
35.1784737389,136.7981529236,0.3149276994,【海部】らかんまき
34.8741692014,137.0531886347,0.3149819765,西尾市岩瀬文庫書庫、西尾市立図書館おもちゃ館
35.2556243367,136.8054688743,0.3159363208,尾張大国霊神社楼門
35.2558858134,136.8054896937,0.3159759235,尾張大国霊神社拝殿
35.1718020236,137.4289296687,0.3161010576,伊世賀美隧道
34.8763199248,137.0364189148,0.3165071048,【西三河】実相寺（西尾茶の始め）
35.2522848516,136.8040660841,0.3165588365,国府宮の農産物直売所
34.9187337056,137.2872269154,0.3168518976,【西三河】はいらっせぬかた
34.8759733224,137.0363402052,0.3168624520,実相寺釈迦堂
34.8725681782,137.0485212350,0.3174695609,愛知県立鶴城丘高等学校正門門柱（旧愛知県蚕糸学校正門）
35.2238336209,137.4283325672,0.3178711942,【豊田加茂】奧矢作湖
34.9125489935,136.9454276562,0.3185300792,【知多】海蔵寺
35.0378149343,137.3966825008,0.3188268405,香恋の館
34.9623903250,136.8832485702,0.3188348219,【知多】水の生活館
34.8690565663,137.0566313803,0.3193769108,【西三河】義倉蔵（ぎそうぐら）
34.9811617408,136.8653690815,0.3197609627,【知多】福生寺
35.2753784393,136.8065214157,0.3200196814,一宮地方総合卸売市場
34.8853394367,136.9938537720,0.3210189747,愛知県立碧南高等学校正門門柱（旧愛知県碧南国民学校正門）
34.9876665048,136.8581378460,0.3213914341,【知多】妙楽寺
34.8868325772,136.9843782234,0.3232859638,熊野神社射小屋並びに南山矢取塚
34.8666901793,137.0480597019,0.3233195392,西尾市歴史公園
34.8658495036,137.0507097244,0.3236222586,【西三河】尚古荘
35.3510456845,136.8358296793,0.3239561705,浅井古墳群（岩塚古墳・浅井14号墳）
35.2399483619,136.7935510150,0.3244545626,性海寺本堂及び宝塔
35.2400111648,136.7934912443,0.3245243664,あじさい寺（大塚性海寺歴史公園）
35.2398659125,136.7931228801,0.3248618182,性海寺多宝塔
35.1315014425,136.7923346036,0.3248813579,海部水郷地帯の酒
35.3323446658,136.8241028873,0.3250640436,長誓寺本堂（旧渡辺半蔵邸書院）
35.1303115321,136.7913592361,0.3260359139,山口家住宅
35.3501538352,136.8327526353,0.3261362366,浅井古墳群（桃塚古墳・浅井4号墳）
34.9059240467,136.9407872318,0.3266057959,【知多】光照寺
34.8837201607,136.9828644440,0.3267437658,伝統食品工場見学 [スギ製菓　株式会社　工場]
35.1313498011,136.7899432052,0.3272663441,甘強味淋
35.1475147034,136.7876846857,0.3273315554,八剱社本殿
35.1478389442,136.7875953816,0.3273849308,冨吉建速神社本殿
35.3514669348,136.8316799779,0.3277299576,浅井古墳群（愛宕塚古墳・浅井20号墳）
34.9242469281,137.3137172507,0.3277761958,天恩寺仏殿
35.2837624930,136.8010015521,0.3277794381,妙興寺勅使門
34.9241836256,137.3138813176,0.3279267074,天恩寺山門
35.1487665703,136.7867696285,0.3281065601,【海部】須成祭
35.1686819266,136.7852372276,0.3281354663,JA海部東グリーンプラザ
35.2845726009,136.8006131360,0.3283978674,妙興寺境内地
34.8902039008,137.2610881890,0.3284643214,冨田家住宅
34.9648585361,136.8678162818,0.3284833448,木綿蔵ちた
35.2839835717,136.8001270294,0.3286796572,【尾張】一宮市博物館・妙興寺
34.9671127109,136.8653348472,0.3288529352,旧岡田医院
34.9656317251,136.8666082621,0.3288736431,【知多】岡田地区
35.2853650453,136.8003457218,0.3288970699,妙興寺鐘楼
34.9666091933,136.8657119912,0.3289006347,旧中七木綿本店
34.9647747180,136.8672927532,0.3289300712,知多岡田簡易郵便局
35.3504944995,136.8288343517,0.3296823097,浅井古墳群（小塞神社古墳・浅井1号墳）
35.1936695785,136.7832720280,0.3299293596,【海部】湯の花神事
34.9165046392,136.9189062579,0.3300428662,蓮慶寺
35.2478884429,136.7884647846,0.3309191589,稲沢公園
34.8516041923,137.0863438767,0.3328803665,西尾のミカワギセル生息地
35.3536294233,136.8249152675,0.3346503541,木曽川堤（サクラ）
35.0302160019,137.4106246233,0.3347006907,三河湖
35.3075543520,136.8020931577,0.3348139696,真清田神社
34.8741161152,136.9807746583,0.3363906826,九重味淋大蔵
34.8739810592,136.9808843488,0.3364717659,伝統食品工場見学 [九重みりん時代館・九重味淋大蔵]
34.9014942421,136.9289887651,0.3366798055,半田赤レンガ建物(旧カブトビール工場)
34.9269703887,137.3338731196,0.3384210840,男川やな
35.1337014295,136.7781581158,0.3385532596,尾張温泉
34.8953472380,136.9349724054,0.3386593676,國盛　酒の文化館（半田市）
34.8456079408,137.0843923534,0.3390169819,吉良八幡山古墳
34.8956112308,136.9337493181,0.3390799726,【知多】光照院
35.2478621574,136.7798709869,0.3393473947,【尾張】稲沢の伝統文化
34.8981390232,136.9283835064,0.3398227593,摂取院のイブキ
34.8981191198,136.9273710251,0.3403906805,【知多】龍台院
34.9096334319,136.9106351757,0.3404751032,黒牛の里（半田市）
34.8931164651,136.9342160225,0.3409549943,MIZKAN MUSEUM
34.8924696617,136.9347310066,0.3412364801,半田運河（半田市）
34.8930018154,136.9334225148,0.3414693471,小栗家住宅
35.0830732326,136.7864370346,0.3416703769,海部南部味噌
34.8964966889,136.9272962678,0.3417922620,旧中埜家住宅
34.8431480106,137.0796775818,0.3418960314,赤馬の径
34.8427767163,137.0836188185,0.3419038614,花岳寺本堂
35.1762287578,136.7706012726,0.3425159633,【海部】朝市かもり
35.2055103891,136.7701857708,0.3435675411,蓮華寺庭園
35.2053673440,136.7697868434,0.3439564831,蓮華寺のカヤノキ
35.2054042931,136.7697161436,0.3440293987,蓮華寺寺叢
35.2053648441,136.7694532871,0.3442892004,【海部】二十五菩薩来迎会
35.2384409565,136.7722714410,0.3451849791,尾張国分寺跡
35.2297713119,136.7708104849,0.3453570743,植木センター（愛知県植木センター）
34.8656995063,136.9770857682,0.3455798396,伝統食品工場見学 [株式会社　角谷文次郎商店]
34.8916766218,136.9240365669,0.3476099302,愛知県立半田商業高等学校正門門柱（旧愛知県知多郡立高等女学校正門）
35.2905806763,136.7817637685,0.3481813934,森川家住宅
34.8365932799,137.1559844165,0.3494673419,三河地震による地震断層
35.3577224543,136.8090641499,0.3504091000,【尾張】138タワーパーク
35.1970713736,137.4635124207,0.3507365947,木材需要促進センター「モッキー」
35.1968697248,137.4649339914,0.3521493277,郷土資料館「ちゅーま」
34.8361201742,137.0515434496,0.3526950674,西尾市憩の農園
34.8546205971,137.2407227755,0.3527128069,蒲郡オレンジパーク
35.0845438051,136.7743349075,0.3528418715,飛島村大宝排水機場保存館
34.8359361035,137.0515573025,0.3528739057,【西三河】西尾市憩の農園・バラ園
34.8373318638,137.1821272373,0.3529084625,本光寺
34.8372440722,137.1822906561,0.3530265754,島原藩主深溝松平家墓所
34.9473814038,137.3766946793,0.3538690786,ぬかた体験村
34.9474429631,137.3770809174,0.3541159181,カフェ柚子木
35.0497433936,136.7845916748,0.3546080939,弥富野鳥園
34.9401258713,137.3710727692,0.3546380792,産地問屋宮ザキ園
34.9618465794,136.8336921930,0.3565495520,【知多】日長神社
34.9231786564,136.8692642122,0.3565796661,篭池古窯
34.8303264057,137.0595073700,0.3571211616,【西三河】天竹神社の棉祖神
34.8358216237,137.1981668472,0.3578623553,【東三河】早春の西迫町
34.8835546952,136.9176721573,0.3578880545,【知多】常楽寺
34.8377490167,137.0196825914,0.3580488748,枯木宮貝塚
34.8460498936,137.2339167666,0.3583630270,清田の大クス
34.9224078308,137.3589609258,0.3586076519,【西三河】万足平の猪垣
35.3577312043,136.7971658707,0.3607835655,木曽川堤の桜
35.2314013622,136.7546260357,0.3616142855,【尾張】愛知県下水道科学館
34.8507819051,136.9688111544,0.3625540251,碧南市農業活性化センターあおいパーク
34.8908998639,136.8977830722,0.3631801615,ファーマーズマーケット「ブリオ」（半田市）
34.8459128477,136.9729793072,0.3654084601,前浜新田の松並木
35.2709901267,136.7557364702,0.3678818606,萩原・萬葉公園
34.9548385426,136.8228721619,0.3693838028,新舞子マリンパーク（知多市）
34.8160054126,137.1614956856,0.3705880688,【西三河】三ヶ根山
35.2381184010,136.7462253571,0.3708734887,産直広場一色下方店
34.8759808158,137.3213650685,0.3713658554,黒門
35.3443661235,136.7782413462,0.3714802502,木曽川資料館
35.1123787153,136.7474162579,0.3724618989,ＪＡあいち海部グリンセンター 十四山店（菜々耕房）
34.8545413598,137.2887396812,0.3728615559,【東三河】宮路山（みやじさん）
34.9634511859,137.4142911996,0.3730066866,須山のイヌツゲ
35.2049177547,136.7400026321,0.3736586467,【尾張】一宮の桜まつり
35.2051982817,136.7398309708,0.3738462666,平和の桜並木
35.3062823939,136.7594215776,0.3743586742,旧起第二尋常小学校奉安殿
34.9145521233,136.8516317154,0.3749947005,前山ダム公園
34.9145059260,136.8514860143,0.3751293984,【知多】前山ダム公園
34.8095033138,137.0725143975,0.3760988349,国宝　金蓮寺弥陀堂
34.8094165674,137.0726931095,0.3761658651,国宝　金蓮寺弥陀堂
34.8093108597,137.0726931095,0.3762709631,【西三河】国宝金蓮寺（こんれんじ）弥陀堂
34.9130917783,136.8512932086,0.3762784977,前山ダム
35.1203210255,136.7418104410,0.3765545013,水の館
35.0659515767,137.4712110114,0.3769378071,豊邦のアカガシ
34.9631856588,137.4206416785,0.3783085423,つくで手作り村（味彩館、山家市）
34.8574087686,136.9209188889,0.3784038698,三井家住宅
34.8147545681,137.2010660200,0.3790207056,蒲郡海鮮市場
34.9628324571,137.4214180693,0.3791454665,つくで手作り村（勇気工房）
34.8553095404,136.9225746884,0.3793799071,中定商店
35.2547311524,137.4858283997,0.3795473189,押川大滝
34.8571825602,137.3072361946,0.3796540556,【東三河】旧東海道赤坂宿
34.8066064585,137.0651131868,0.3798417149,尾崎士郎記念館、旧糟谷邸
34.8064142768,137.0651731298,0.3800248061,旧糟谷縫右衛門住宅
34.8044184803,137.0844551622,0.3800703108,岩場古墳
34.9637659513,137.4233373056,0.3801680067,歴史の小径（亀山城趾等）
34.9621364614,137.4223028926,0.3802700541,つくで手作り村（とんちん館）
35.1726309585,136.7325058579,0.3806887370,伊藤家住宅
34.8194330532,137.2254123190,0.3809303485,手織り三河木綿工房
34.9326034564,136.8262656176,0.3809798709,常滑市大野町のイブキ
34.8572886860,137.3100764598,0.3810238367,グリーンセンター音羽（ぺったん工房）
35.2568040300,136.7387557051,0.3814138387,ぎんなん・いちょう並木
34.8699471664,136.8956136703,0.3814909728,【知多】壱町田湿地
34.8699077883,136.8953356670,0.3816818309,壱町田湿地植物群落
34.8558503090,136.9147827081,0.3828883645,武豊町歴史民俗資料館（武豊町）
34.8304793654,137.2631824483,0.3835410930,とよおか湖公園
34.8046595870,137.1774172783,0.3841845015,【東三河】双太山公園
35.3353307824,136.7595220790,0.3847798325,葛利毛織工業株式会社
35.1136863975,136.7341125011,0.3852910288,金魚、金魚池
34.8004758250,137.0681530827,0.3855583914,西福寺鐘楼
35.1774610803,136.7265020709,0.3865856378,寳泉寺書院（旧服部家住宅書院）
34.8517592037,137.3121017218,0.3868055359,御油（ごゆ）の松並木
34.8056858847,137.0274925232,0.3872929965,一色地域文化広場「一色学びの館」
34.8056021957,137.0276641846,0.3873367445,【西三河】一色学びの館
34.8450427307,136.9243070537,0.3874464350,旧国鉄武豊港駅転車台
35.0007363703,137.4550154182,0.3877065203,長の山湿原
34.8507947387,137.3127553473,0.3879688603,御油のマツ並木
34.8311716341,137.2760623336,0.3881353862,ヒメハルゼミの棲息地
35.2959624226,136.7414633784,0.3882501131,冨田一里塚（東塚）
35.2958987830,136.7413097806,0.3883786811,冨田一里塚（西塚）
34.8293840798,137.2733974457,0.3886512716,【東三河】蒲郡さがらの森
34.7963853152,137.0691046628,0.3895128886,宝珠院
35.1787208725,136.7234210945,0.3896490481,旧津島信用金庫
35.3130133023,136.7454761746,0.3897447988,墨会館
34.9739477532,137.4420201618,0.3900026297,甘泉寺のコウヤマキ
34.9735707311,137.4419850111,0.3901756174,【新城設楽】甘泉寺のコウヤマキ
34.8110638281,137.2316998243,0.3907979184,竹島
35.2137801852,137.5027853251,0.3909247394,どんぐり横丁
34.8155181993,137.2455006046,0.3910131765,三谷町北区山車蔵
34.8105679185,137.2320407101,0.3913739580,八百富神社社叢
35.2142447567,137.5032520294,0.3914263553,稲武どんぐり工房
35.1399222726,136.7233635485,0.3920976809,八幡社本殿
34.7937256617,137.0651186322,0.3926222584,颯田家住宅主屋
35.1736241512,136.7204976082,0.3926663048,天王川公園
35.1766645239,136.7203906816,0.3927091932,旧堀田廣之家住宅
34.8750465579,137.3568167614,0.3930846630,八所神社
35.1764994867,136.7199198944,0.3931827779,旧堀田家住宅（愛知県津島市禰宜町）
34.8736111227,137.3558217287,0.3935971960,財賀寺
34.7923430177,137.1590709686,0.3937686891,【西三河】愛知こどもの国
34.8733646635,137.3558378220,0.3938011358,財賀寺
35.1761498315,136.7192745209,0.3938343444,堀田家住宅
35.1781638704,136.7190324558,0.3940443974,津島神社楼門
35.1781805593,136.7186700521,0.3944065472,津島神社
35.1777478780,136.7186724261,0.3944101501,津島神社南門
35.1783517072,136.7186361755,0.3944381879,津島神社本殿
34.7899320047,137.0854748763,0.3944446792,正法寺古墳
35.1780440403,136.7186254263,0.3944530034,津島神社
35.1097632879,136.7250251770,0.3949444766,【海部】文鳥
35.1784266037,136.7180916667,0.3949816995,津島神社のイチョウ
35.3123072128,136.7394863258,0.3951679280,旧湊屋
34.7956249730,137.1902650595,0.3954015045,ブルーブリッジ（形原漁港大橋）
35.3124868326,136.7392984275,0.3954041527,定渡船場（起渡船場跡）
35.3057441253,136.7366659641,0.3957574321,【尾張】尾西歴史民俗資料館
35.3061223571,136.7366267800,0.3959117645,旧林家住宅主屋及び裏座敷
35.3097949700,136.7377070356,0.3960414940,起のやまがき
35.3059960207,136.7364073529,0.3960812734,旧林氏庭園
35.2145121033,137.5079244375,0.3961053173,古橋懐古館
34.7885597373,137.1445277891,0.3961058300,三河湾観光漁船
35.3093246017,136.7372476507,0.3963272016,起の大いちょう
35.1013475675,136.7252333633,0.3963963484,立田輪中人造堰樋門
35.3093508235,136.7370165780,0.3965546364,宮河戸（起渡船場跡）
35.1012669580,136.7249822617,0.3966586993,【海部】立田輪中人造堰樋門
34.8440901789,137.3185551167,0.3967053267,【東三河】御油（ごゆ）の松並木資料館
35.3079780724,136.7362870591,0.3968133903,船橋河戸（起渡船場跡）
35.1545562408,136.7172789574,0.3968135244,鈴木家住宅
35.1656048750,136.7159006466,0.3975402822,愛知県立津島高等学校正門門柱（旧愛知県津島中学校正門）
35.2100153045,137.5098556280,0.3977044882,【豊田加茂】大井平公園
35.2142108926,137.5098318421,0.3979834388,瑞竜寺のシダレザクラ
35.2142579050,137.5098556280,0.3980107941,【豊田加茂】瑞龍寺しだれ桜
34.8852280283,136.8486474835,0.3985200218,大善院のイブキ
34.7914443119,137.1885108948,0.3991671260,【東三河】形原港晩市
35.1061999658,136.7210168537,0.3995564616,弥富市歴史民俗資料館
35.1287539460,136.7169141769,0.3998808544,【海部】服部家住宅
35.1288087878,136.7169061303,0.3998813332,服部家住宅（愛知県海部郡弥富町）
34.7853293279,137.0659661293,0.4008567091,【西三河】海苔養殖風景
34.8817032412,136.8486283774,0.4011767774,窯のある広場・資料館（倒焔式角窯）
34.7945782753,137.0140547403,0.4012359390,一色さかな広場、さかな村
35.1045936224,136.7194569111,0.4013994415,【海部】水郷の塔
34.7852235893,137.1640062332,0.4014368355,【西三河】三河湾の彼方に沈む夕日
35.1044448884,136.7193152019,0.4015676147,水郷の塔
35.1644978602,136.7117196169,0.4017677527,JAあいち海部グリーンセンター津島店
35.1063227321,136.7186307907,0.4018742455,【海部】海部水郷地帯の酒
35.1743110618,136.7107976424,0.4023472051,下新田の藤
34.7851002275,137.1783828735,0.4036358139,【東三河】蒲サ食品
34.7781777416,137.0875514088,0.4060353820,幡頭神社境内社神明社本殿
34.7781596404,137.0874421660,0.4060603199,幡頭神社本殿
34.7781505756,137.0873656926,0.4060741950,幡頭神社境内社熊野社本殿
34.7841661961,137.0372343063,0.4063793338,【西三河】鰻養殖ハウス群
34.7776100553,137.0912003517,0.4063895101,【西三河】西尾市吉良町宮崎海岸
34.8361035099,137.3246580004,0.4066997666,白井家住宅主屋
34.8555978501,137.3543572426,0.4070569279,四季の森
34.7805649072,137.1775711426,0.4079827992,西浦鮮魚マーケット
34.8558708097,136.8680740005,0.4090142224,多賀神社の社叢
34.8557431165,136.8679869175,0.4091686361,【知多】多賀大社
34.8555163798,136.8669160464,0.4099922008,多賀の里
34.8382105812,137.3396961711,0.4129604294,八幡宮本殿
34.7888572934,137.2364163963,0.4133942920,大島ナメクジウオ生息地
34.8200564621,137.3104273025,0.4135074236,大恩寺山門
34.8407188088,137.3445124912,0.4135424947,三河国分尼寺跡
34.8379554577,137.3415872000,0.4142140931,三河国分寺跡
34.9057595818,137.4214933624,0.4150099770,砥鹿神社奥宮（本宮山）の社叢
35.2595145730,136.7029023170,0.4171403225,木曽三川公園ワイルドネイチャープラザ
34.8468109595,137.3600864410,0.4175301191,【東三河】ぎょぎょランド
35.1441941812,136.6943830443,0.4204917246,立田ふれあいの里
35.1441169911,136.6941690445,0.4207119947,【海部】立田道の駅
34.8383500796,137.3550258457,0.4214547388,旧豊川電話装荷線輪用櫓
35.1728699397,137.5346231461,0.4217130378,道の駅アグリステーションなぐら
34.8408673904,136.8651974201,0.4228047218,【知多】潮干狩り（大谷）
35.2504770987,137.5308965509,0.4232023274,大野瀬の子持桂
35.2078544734,136.6902315617,0.4235162416,れんこん
34.8050912502,136.9214808941,0.4240546663,【知多】潮干狩り（上村）
35.1613541917,136.6890621185,0.4245531896,花ハス
34.8091713676,137.3137639349,0.4246710915,旧今泉医院診療棟
34.8025364756,136.9212448597,0.4264415811,【知多】潮干狩り（大池）
34.8796347576,137.4177916259,0.4302942364,宝円寺のシダレザクラ
34.7983781904,136.9191366434,0.4311037429,【知多】潮干狩り（河和口）
34.8657155465,137.4063744434,0.4324062265,大谷家住宅
34.8011533405,137.3166346550,0.4330956541,【東三河】引馬神社
34.8273157234,136.8661218032,0.4333292453,盛田味の館
34.8272351843,136.8660557270,0.4334330815,【知多】味の館
35.1508850960,137.5459715891,0.4341498914,八幡神社本殿
34.8250245817,136.8653583527,0.4356475922,【知多】潮干狩り（小鈴谷）
34.8236766261,136.8673156751,0.4356501587,小脇公園
34.8235996576,136.8672211095,0.4357670556,【知多】小脇公園
35.1317241268,136.6801893711,0.4359277104,【海部】船頭平閘門
35.1318783305,136.6801674257,0.4359312448,船頭平閘門
35.1384113792,136.6773302438,0.4380293611,【海部】加藤牧場
34.8779394421,137.4270129204,0.4380541148,本宮の湯
35.0575477094,137.5327574758,0.4381815087,設楽町立田峯小学校
34.8746651676,137.4248242378,0.4387857748,【東三河】ウォーキングセンター及び本宮山
35.0550053151,137.5347184961,0.4407941467,田峯城址（歴史の里　田峯城址）
34.8799599863,137.4336549270,0.4414475723,炭焼古墳群
34.7856994119,136.9169211388,0.4434397533,【知多】潮干狩り（北方）
34.8022302023,136.8863224940,0.4435103205,鵜の山ウ繁殖地
35.1997102970,137.5569713116,0.4442284890,【豊田加茂】オオキツネノカミソリ他
34.8163010064,136.8627972877,0.4442893139,知多半島の潮干狩り（常滑市）
34.8162432354,136.8625366688,0.4444838798,【知多】潮干狩り（坂井）
34.8782233479,137.4362747180,0.4445443623,炭焼古墳群
34.8160292053,136.8625774420,0.4446377284,坂井海岸（常滑市）
34.8016913871,136.8833297533,0.4455092023,鵜の池（美浜町）
34.7887569468,137.3220419884,0.4465801225,三河臨海緑地「日本列島」
34.8008361852,136.8797028065,0.4481200059,ジョイフルファーム鵜の池（美浜町）
34.8007254575,136.8798284662,0.4481491365,【知多】ジョイフルファーム鵜の池
34.7891622600,136.8896162510,0.4531578487,美浜町民の森（美浜町）
34.8067297881,136.8586206436,0.4545545238,【知多】潮干狩り（上野間）
34.8244609126,137.3919296265,0.4545595569,【東三河】豊川稲荷春季大祭・秋季大祭
34.8473250392,137.4215099302,0.4561875769,砥鹿神社のケヤキ
34.8285435763,137.4007347291,0.4568357517,トヨテック本社
34.7803043225,137.3353248592,0.4603321354,前芝の燈明台
34.7997085121,136.8581914902,0.4606270200,【知多】潮干狩り（奥田北）
34.8074858968,137.3804221631,0.4613163671,牛久保のナギ
34.7987345625,137.3685528619,0.4618037856,五社稲荷社朝市
34.8209467857,137.3992593316,0.4618458560,三明寺本堂
34.8208926962,137.3992591796,0.4618882135,三明寺本堂内宮殿
34.8201889672,137.3995523528,0.4626222610,三明寺三重塔
35.0977712814,137.5685067824,0.4634464651,福田寺のイヌグス
34.7247932342,137.0445917295,0.4636990206,【西三河】カモメの駐車場
34.8959398530,137.4768928606,0.4637109787,グリーンセンターしんしろ
34.8958312241,137.4768376350,0.4637350047,【新城設楽】グリーンセンターしんしろ
34.7259181540,137.0350778103,0.4640896481,黒壁の家並み
34.7259432097,137.0344032045,0.4641787603,弁天サロン
34.7252770361,137.0352777887,0.4646881593,大葉邸
34.7955853260,136.8567752838,0.4648464938,【知多】潮干狩り（奥田中）
34.7225592607,137.0487775804,0.4653120828,神明社本殿
34.7224240021,137.0487450164,0.4654505429,八劔神社本殿
34.7223821065,137.0486605167,0.4655037160,【西三河】佐久島八劔神社
34.7224213616,137.0460481092,0.4658333619,シーサイドプロムナード
35.2890951852,137.5676469581,0.4667275996,玄武岩
34.7495114457,136.9387865067,0.4675840103,【知多】潮干狩り（矢梨）
34.7516728835,136.9328047758,0.4678506796,阿奈志神社のほるとのき
34.7473780993,136.9427669048,0.4681018169,【知多】潮干狩り（久方）
34.8617825326,137.4549014755,0.4693757688,旗頭山尾根古墳群
34.7417094771,136.9470423460,0.4718656031,【知多】潮干狩り（山田）
35.0502645388,137.5685260831,0.4745462472,新城市四谷地区
34.7852544466,137.3754695340,0.4768625165,瓜郷遺跡
34.9024108485,137.4983950276,0.4769264016,永住寺
34.8394663872,137.4451032870,0.4780831380,賀茂神社本殿
35.1891453209,137.5912392139,0.4782316800,【新城設楽】面ノ木ビジターセンター
34.9970755225,137.5554800034,0.4800758614,山びこの丘
34.7724502529,136.8647843599,0.4801265752,【知多】法山寺
34.7799452996,136.8496513367,0.4818299789,【知多】潮干狩り（奥田南）
34.9437451332,137.5360419052,0.4861782670,八平神社
34.9422308445,137.5356946015,0.4866248579,龍泉寺
34.7709668984,136.8533582467,0.4873876553,史跡大御堂寺
34.7709299104,136.8529978615,0.4876110553,大御堂寺客殿
34.9174245585,137.5221082582,0.4879392491,断上山古墳（第10号墳）
34.7071528390,137.0024582390,0.4889291616,日間賀島〔体験漁業〕（南知多町）
34.9169075476,137.5231895143,0.4891275859,断上山古墳（第9号墳）
34.9410673095,137.5381826417,0.4893625407,瀧川家住宅
34.8147607084,137.4351605687,0.4895552665,権現山古墳
34.8590665646,137.4822771549,0.4914618649,【東三河】吉祥山
34.7920280313,137.4113059044,0.4920802616,豊橋市上水道施設下条取水場旧ポンプ室
34.9186677260,137.5282341242,0.4924167133,新城市設楽原歴史資料館
34.7692250725,136.8467194878,0.4924211651,野間郵便局旧局舎
34.8164053711,137.4414730999,0.4925048888,馬越長火塚古墳群
35.1996664618,137.6055353880,0.4927616429,道の駅つぐ高原グリーンパーク
34.7719501687,137.3846568584,0.4930270671,湊築島弁天社
34.7657257222,137.3763620853,0.4937605835,【東三河】	羽田まつり
34.7655550170,137.3763703315,0.4939093928,羽田八幡宮
34.7886402574,137.4134156528,0.4960537048,豊橋市上水道施設大江川水道橋
34.7482376153,136.8747568130,0.4961418162,【知多】持宝院
34.7702822464,137.3899930716,0.4973714004,【東三河】豊橋祇園祭
35.0868482727,137.6017158625,0.4981233117,北設山岳公園岩古谷山
34.7706186048,137.3930765233,0.4988165419,吉田城
34.7681140343,137.3922066357,0.5004053518,豊橋市公会堂
34.7680524894,137.3921978474,0.5004515283,豊橋市公会堂
34.7274959263,136.9057287114,0.5008377051,【知多】天龍寺
34.7679843290,137.3940853210,0.5015632767,豊橋ハリストス正教会聖使徒聖使徒福音者馬太聖堂
34.7679863890,137.3946762085,0.5018929051,【東三河】鬼祭
34.7681540400,137.3949269855,0.5018949500,安久美神戸神明社
34.9360533093,137.5506400968,0.5026714659,瀧神社本殿
34.7551619030,136.8498229980,0.5026753498,【知多】良参寺
34.7562112190,136.8471660015,0.5031805556,食と健康の館（美浜町）
34.7577622175,136.8444961309,0.5032839533,野間崎灯台（美浜町）
34.7396111948,136.8735229969,0.5043100605,【知多】如意輪寺
34.9689374041,137.5703406636,0.5050956318,【新城設楽】観来館
34.6969839139,136.9719700294,0.5064718652,羽豆神社の社叢
34.7065353850,136.9381718189,0.5079281858,豊浜魚ひろば（南知多町）
34.7345399017,136.8738909250,0.5086054748,旧内田家住宅
34.7346655798,136.8734730523,0.5086912245,旧内田佐平二家住宅
34.9706522701,137.5751129411,0.5087007320,ネズの樹
35.1695222106,137.6216809768,0.5088286964,金龍寺のシダレザクラ
35.1760239643,137.6224903589,0.5095020297,津具八幡宮の杉
34.7339905334,136.8721282482,0.5099207998,【知多】泉蔵院
35.1719108061,137.6231809914,0.5102687279,鞍船遺跡
34.8734955125,137.5189328635,0.5106817281,望月家住宅（愛知県新城市黒田）
34.7101017648,136.9209069014,0.5108215205,【知多】影向寺
34.7203032245,136.8970738734,0.5109913029,【知多】西方寺
34.9829391572,137.5831149076,0.5110362740,鳳来寺山
34.9723706982,137.5786650181,0.5112175697,鳳来寺山自然科学博物館
34.7332159056,136.8693676012,0.5119119723,内海海水浴場（南知多町）
34.9248961833,137.5550421841,0.5120495894,【新城設楽】こんたく長篠
34.9250131287,137.5551193526,0.5120571786,こんたく長篠
34.7047613418,136.9296562672,0.5125787105,【知多】豊浜鯛まつり
34.7048059976,136.9295308429,0.5125819008,豊浜鯛まつり（南知多町）
34.6812170940,137.0031424243,0.5140795845,コウナゴの天日干し
34.9787267165,137.5861537457,0.5154909947,鳳来寺山
34.9791055721,137.5864141162,0.5155797254,鳳来寺仁王門
35.1682918681,137.6290338991,0.5162134903,大根平遺跡
34.9234849132,137.5593917045,0.5165175141,長篠城跡
34.9233169540,137.5594764948,0.5166753182,長篠城址（長篠城址史跡保存館）
34.9781908587,137.5876361188,0.5170642817,東照宮
34.7209174971,137.3447578272,0.5172945206,お葉付イチョウ
35.1487579053,137.6313269465,0.5194423063,ホソバシャクナゲ自生地
34.6848254218,137.2620463371,0.5203759196,蔵王山（ざおうさん）展望台
34.7401333126,137.3861349582,0.5206495851,愛知大学旧本館（旧陸軍第15師団司令部庁舎）
34.7897953861,137.4598194903,0.5245844958,石巻山石灰岩地植物群落
34.7653258398,137.4309826041,0.5252451770,豊橋市上水道施設小鷹野浄水場
34.8668993690,137.5332549427,0.5260792463,宇利城跡
34.7649242282,137.4328936636,0.5267232036,豊橋市上水道施設多米浄水場旧配水池
34.9314662379,137.5774909760,0.5283840573,旧黄柳橋
34.6815435903,137.2810271635,0.5292363840,吉胡貝塚
34.6736645032,137.2691166401,0.5331060297,田原城跡・田原市博物館
34.7975839275,137.4851028631,0.5359970299,嵩山蛇穴
34.8512472041,137.5340275475,0.5362485430,中宇利丸山の蛇紋岩植生
34.6675186074,137.2677831998,0.5386010293,城宝寺古墳
34.6454447250,137.1480784583,0.5391071921,伊川津貝塚
34.7622457075,137.4500720408,0.5394168428,豊橋市民俗資料館収蔵室本棟（旧多米小学校本校舎）
34.7625307171,137.4505278468,0.5394793666,豊橋市民俗資料館収蔵室西棟（旧多米小学校西校舎）
34.7625571590,137.4508309364,0.5396484028,【東三河】多米民俗資料収蔵室
35.0054113336,137.6230394840,0.5401683480,【新城設楽】愛知県民の森
35.0053410298,137.6230609417,0.5402117775,愛知県民の森
34.9702870827,137.6135122776,0.5439603979,【新城設楽】湯谷温泉
34.9702519158,137.6135337353,0.5439939190,湯谷温泉
35.2275759506,137.6555156708,0.5442685264,【新城設楽】茶臼山高原
35.2276548269,137.6555585861,0.5443177057,茶臼山高原
34.9741771980,137.6159042572,0.5446557044,鳳来ゆーゆーありいな
34.9673340163,137.6137424144,0.5453354808,馬背岩
34.6615917877,137.2722821116,0.5455767477,【東三河】「道の駅」田原めっくんはうす
34.9500609542,137.6064268824,0.5457852552,旧料亭菊水
34.9498706705,137.6068484848,0.5462477360,旧大野銀行（大野宿鳳来館）
34.7229540544,137.4080907564,0.5468779859,高師小僧
34.6433901106,137.2006827593,0.5470875408,サンテパルクたはら
34.7218425323,137.4094305086,0.5485369317,高師小僧
34.6350879436,137.1822327768,0.5526724777,光岩
34.7451389077,137.4515175819,0.5537592130,葦毛湿原
34.7442808961,137.4511835278,0.5542346638,葦毛湿原
34.6346785328,137.1953634132,0.5548742823,大アラコ古窯跡
34.6434430706,137.2428900003,0.5553622150,【東三河】黒河湿地植物群落
34.6432677525,137.2427628757,0.5555029754,黒河湿地植物群落
34.6282092729,137.0621950791,0.5575264025,キャベツ畑
34.6256333452,137.1012532711,0.5579034169,愛知みなみ農協　ふれあい広場 渥美店
35.0981401499,137.6657545448,0.5592518129,振草農産物生産直売組合
34.6223755395,137.1089243889,0.5610517698,【東三河】渥美郷土資料館
34.8625092049,137.5760855853,0.5633721565,黄柳野ツゲ自生地
34.6712997835,137.3486709595,0.5637199489,【東三河】水の展示館
34.6198856671,137.1437547833,0.5643628571,椛のシデコブシ自生地
34.6197140879,137.1491898435,0.5648559421,伊川津のシデコブシ
35.2148448682,137.6776496004,0.5654819784,川宇連ハナノキ自生地
34.7245997515,137.4500772199,0.5692992796,西駒屋田村家住宅
34.6451668863,137.2990962601,0.5694947257,百々陶器窯跡
34.7234094277,137.4499028921,0.5701560125,二川宿本陣（ふたがわしゅくほんじん）資料館
34.7255918916,137.4583250284,0.5734281765,産直プラザ二川
34.6145969006,137.0403563976,0.5734405175,【東三河】西ノ浜海浜の森
35.0211578684,137.6631165844,0.5735055593,乳岩及び乳岩峡
34.9031650148,137.6143135274,0.5742923726,満光寺庭園
35.0191369860,137.6639699936,0.5748983477,乳岩峡
34.6156299741,137.2081768513,0.5756972425,【東三河】メロン狩り
34.6155082775,137.2083442579,0.5758449485,愛知みなみ農協ふれあい広場赤羽根店
34.6153827440,137.2082197666,0.5759481654,【東三河】いちご狩り
34.9993132529,137.6592379386,0.5763874868,鳳来町のムカデランの自生地
34.6144026460,137.2180849314,0.5786241535,【東三河】太平洋ロングビーチ
34.6040358565,137.0936679840,0.5797001777,【東三河】たはら凧まつり
34.6033545205,137.1017934267,0.5801667344,皿山古窯群
34.9502668087,137.6451271701,0.5809229795,阿寺の七滝
34.9502570553,137.6456022263,0.5813620409,阿寺の七滝
35.0803235833,137.6881153391,0.5842402958,設楽城跡
35.1435610632,137.6982197779,0.5865332573,湯～らんどパルとよね
35.1433712792,137.6982271671,0.5865535544,【新城設楽】湯～らんどパルとよね
35.1442818499,137.7003535280,0.5886137381,熊谷家住宅（愛知県北設楽郡豊根村）
34.5952133528,137.0605909824,0.5905327955,初立池公園
34.5954064315,137.0563381697,0.5907335244,【東三河】伊良湖東大寺窯跡
34.5951719148,137.0562076559,0.5909794958,伊良湖東大寺瓦窯跡
34.6630668646,137.3999767824,0.5942145192,小野田家住宅
34.5885247322,137.0744540315,0.5961376711,ハマボウの野生地
34.6831933044,137.4398535695,0.5975155319,東観音寺多宝塔
35.0709399981,137.7000403404,0.5976764721,龍洞院のシダレザクラ
34.5886422307,137.0294076204,0.6006213525,【東三河】句碑・歌碑
34.5863280300,137.0296867325,0.6028744397,宮山原始林
35.0748516376,137.7066885567,0.6034912996,とうえい温泉
34.5841375322,137.0199501514,0.6064620360,【東三河】「道の駅」伊良湖クリスタルポルト
34.5793940858,137.0162487030,0.6117244521,伊良湖岬灯台・恋路が浜・日出の石門
35.0310746057,137.7072552810,0.6134299347,須佐男神社のアヤスギ
35.0468410352,137.7212363903,0.6233395712,愛知東農業　東栄直売所
35.0671848611,137.7429186206,0.6405103258,煮え渕のポットホール
35.0804765661,137.7495477910,0.6447755377,預り渕のポットホール
